-13,32,2062,-173,-118,45,-25089,5376,7936,6075
-4,20,2066,-173,-180,111,-23041,2816,6912,6098
-6,21,2010,-143,-167,59,-24065,4352,4864,6122
2,37,2035,-162,-170,2,-23297,3072,7680,6145
1,33,2068,-184,-150,49,-24065,3328,6912,6169
-10,29,2049,-153,-208,76,-24065,3840,7936,6192
7,16,2042,-109,-157,171,-24321,2560,7168,6216
-11,26,1996,-179,-158,484,-24577,4864,6400,6239
2,38,2076,-176,-185,794,-22785,2048,6656,6263
-52,14,2020,-155,-174,634,-24833,3584,6656,6286
12,15,2041,-144,-164,71,-23553,3840,8448,6310
2,30,2062,-178,-155,88,-23809,2560,7680,6333
5,13,2031,-105,-88,37,-25089,4864,6400,6357
-16,-2,1996,-167,-271,-1615,-24321,2048,8704,6380
-18,14,1985,-179,-155,-2032,-24833,4608,7168,6404
-17,20,2029,-189,-161,-2485,-21761,4096,6656,6428
-13,14,2076,-202,-193,-2602,-24577,4352,6912,6451
-18,-2,2011,-155,-126,-1681,-25601,4864,7936,6475
-13,25,2019,-123,-111,-1473,-23809,3072,8704,6499
-79,29,2030,-136,-177,-1465,-24321,4608,5632,6522
-116,34,2036,-167,-179,-2239,-23297,4608,7680,6546
-15,27,2016,-168,-319,-3335,-25345,3584,6656,6570
-59,28,2025,-185,-321,-3961,-25089,5376,6912,6594
-85,65,2057,-187,-356,-3501,-23809,3584,6656,6618
-97,71,2060,-181,-344,-2850,-25089,5888,7936,6642
-78,80,1997,-185,-265,-2332,-24065,4352,6400,6666
123,37,2029,-181,223,-1738,-25857,6144,5632,6690
225,-33,2046,-228,-53,-1549,-24833,3072,7680,6714
7,35,2060,-156,-108,-2192,-25089,5376,4864,6738
-53,70,1995,-162,-69,-1472,-23553,4864,7424,6762
110,-33,1970,-212,-45,-519,-24577,5888,6400,6787
45,-5,2034,-178,-76,-1574,-24833,5120,7168,6811
-35,26,2065,-115,-136,-2110,-24833,5632,4608,6835
23,24,2044,-121,-192,-1652,-24577,6400,7424,6860
-8,8,2023,-137,-198,-1171,-25089,5376,5888,6885
22,3,2060,-125,-133,-840,-24577,5376,6912,6909
-5,18,2053,-119,-147,-797,-24065,3328,7424,6934
-31,25,2076,-140,-209,-342,-25857,6144,7168,6959
-18,13,1977,-153,-276,-484,-25601,4864,7936,6983
-43,13,2048,-149,-233,-726,-25601,5888,7936,7008
-114,3,2056,-172,-312,-1308,-24577,4352,5888,7034
-96,7,2072,-192,-758,-2231,-27137,5376,7424,7059
-42,21,2036,-136,-605,-2572,-25857,5120,7680,7084
23,4,1996,-134,-555,-1962,-25601,5376,5888,7109
15,-4,2032,-152,-511,-2074,-25089,4864,6912,7133
70,52,2092,-150,-694,-2179,-26625,6400,7424,7158
3,43,2053,-74,-618,-2073,-24577,5376,5888,7184
47,48,2041,-91,-416,-1622,-26369,5632,6144,7209
110,36,2005,15,-591,-715,-26625,5376,5888,7234
118,29,2027,52,-228,-254,-25345,6656,7680,7259
37,27,2034,34,306,205,-26369,5632,4608,7284

-269,42,2123,458,1335,1637,-26113,6912,7424,9609
-21,24,2026,94,-269,2242,-25857,4096,6144,9633
60,44,2063,-87,56,2649,-27137,6400,7936,9656
240,-7,2059,-280,15,4708,-24577,4352,7424,9680
203,18,1993,-263,-119,4748,-25857,5632,6144,9703
159,168,2032,-185,-122,4440,-24833,6144,8192,9727
196,241,2038,-257,-201,5578,-24321,4096,6144,9750
59,104,2077,-346,-147,6394,-26113,4864,7424,9774
47,40,2038,-334,-282,7775,-23809,3584,7680,9797
-150,-184,2052,-170,-239,7259,-25089,5376,7424,9821
-263,-53,2047,-161,-244,6094,-25089,2304,6400,9844
-447,-37,2059,-127,-162,4633,-24577,4352,6400,9868
-435,91,2001,-134,-212,1362,-23041,3840,7424,9891
8,25,2079,-168,-192,57,-24065,3328,6912,9915
-20,24,2042,-158,-180,80,-24833,5120,6656,9939
-9,26,2020,-119,-187,91,-23553,2816,7936,9962
-22,18,1985,-136,-185,79,-24321,5120,6144,9986
-6,10,2055,-160,-119,77,-23553,4352,6912,10010
-14,44,2037,-158,-176,89,-23297,2560,5632,10033
-4,32,2072,-142,-216,82,-23297,4608,8192,10057
1,16,2035,-122,-182,77,-23809,2560,7680,10081
10,18,2063,-160,-147,68,-25345,5120,6656,10105
-23,28,2037,-166,-182,83,-23041,2304,7424,10129
5,42,2064,-146,-190,92,-24577,3328,6400,10152
-25,23,1950,-140,-190,70,-24321,3584,8192,10176
-17,8,2027,-148,-126,58,-24065,3840,6912,10200
-16,14,2058,-152,-148,81,-24833,5120,7680,10224
4,25,2040,-178,-177,85,-23553,2304,7424,10249
23,31,2014,-138,-186,65,-24321,5120,7168,10273
-11,17,2013,-139,-128,69,-24577,3328,6912,10297
-28,22,2023,-149,-185,99,-24065,4864,6912,10322
-14,31,2048,-164,-185,99,-23297,4096,8704,10346
-1,14,2017,-125,-200,80,-24321,4096,6144,10370
-14,11,1966,-127,-169,76,-23041,3840,7424,10394
-29,20,2017,-166,-167,63,-24577,4352,7424,10419
-9,16,2060,-190,-206,79,-23041,4352,8960,10444
-16,37,2029,-168,-210,96,-23553,3840,5376,10468
-14,17,1985,-139,-152,38,-25857,4608,7680,10493
8,23,2071,-158,-134,57,-24321,4608,5120,10517
-16,31,2071,-156,-169,82,-23553,4864,9472,10542
-18,32,2068,-144,-181,87,-24065,3328,5888,10567
-25,26,1990,-144,-176,70,-24577,5376,7424,10591
-15,21,2046,-133,-155,49,-23553,3328,7424,10616
0,22,2055,-156,-163,40,-23297,5120,7680,10641
-20,27,2043,-169,-168,90,-22785,4096,6656,10666
-3,23,2075,-133,-181,87,-24321,5120,7680,10691
-8,16,2005,-161,-167,56,-23809,3584,6656,10717
-9,16,2010,-149,-165,66,-23553,4352,6912,10742
-8,26,2061,-176,-167,86,-23809,4096,6144,10767
-14,29,2057,-191,-162,67,-25089,4352,8448,10793
0,28,2045,-180,-165,76,-25345,3584,6656,10818
-17,16,2005,-146,-187,71,-23553,3840,7936,10844
-19,32,1999,-162,-149,65,-24065,3840,6400,10869
-23,23,2015,-145,-153,87,-25089,3328,8960,10894
-29,34,2025,-162,-180,63,-24577,3840,6400,10920
4,23,2063,-156,-188,76,-23553,3328,7936,10945
-13,27,2018,-127,-199,78,-23553,4864,7424,10971
-9,12,2026,-150,-183,62,-24065,4864,7424,10997
3,30,2043,-175,-178,52,-24833,4608,8192,11022
-17,28,2064,-162,-171,93,-23041,3328,7936,11048
-14,26,2059,-145,-189,66,-25089,5376,7424,11073
-15,23,2015,-136,-203,38,-23809,2560,6656,11099
-5,16,1995,-174,-166,40,-24065,4352,8448,11125
-2,30,2048,-142,-143,67,-23553,3328,7424,11151
-15,25,2040,-178,-180,76,-25089,3840,8960,11177
-12,29,2055,-175,-167,67,-24833,4096,6144,11203
-13,33,2055,-135,-208,66,-23809,3584,8192,11229
4,16,2023,-146,-195,75,-25089,6400,7936,11255
-14,10,2039,-136,-163,72,-23041,3840,6400,11280
2,26,2060,-157,-139,80,-24833,5120,5632,11306
-13,11,2047,-159,-165,65,-23553,3328,5888,11332
-19,28,2042,-170,-185,91,-24833,4608,7168,11358
1,30,2018,-177,-220,56,-24321,2560,6144,11385
-20,5,1984,-134,-199,35,-23553,3840,8448,11411
-9,21,1990,-151,-157,76,-23809,5632,6144,11438
9,26,2063,-146,-197,73,-24833,3584,7168,11464
-13,32,2042,-140,-159,81,-25089,4352,7424,11490
-2,42,2050,-165,-179,52,-24321,3072,6656,11517
-7,29,2017,-155,-214,74,-25089,3840,7936,11543
-32,8,1963,-125,-237,59,-25089,3840,6400,11569
-16,14,2026,-142,-174,78,-22017,1792,6400,11596

-13,21,2010,-161,-200,69,-24577,3840,7936,11858
-18,21,2015,-122,-152,52,-23809,3072,6144,11881
-19,24,2033,-160,-181,44,-24577,4864,6912,11905
-26,23,2061,-167,-179,94,-22785,3584,9216,11928
-20,30,1983,-127,-215,79,-24065,4352,6400,11951
-5,26,2034,-153,-127,62,-25089,2816,8960,11975
-9,17,2058,-150,-145,73,-23809,4608,6656,11998
0,38,2067,-179,-186,58,-23553,4352,6912,12022
0,23,2040,-145,-196,82,-23297,3584,7168,12045
-7,22,2029,-148,-137,71,-25089,4352,6400,12069
-15,22,2051,-148,-175,85,-23809,3072,7680,12092
-18,19,2060,-163,-161,67,-23553,2816,6400,12116
-5,27,2040,-155,-165,78,-23297,6144,6656,12140
17,19,2052,-161,-122,49,-23553,4352,7424,12163
-28,37,2031,-146,-196,77,-23809,4608,6656,12187
-11,33,2035,-154,-198,68,-23809,4096,8192,12210
-26,13,1980,-128,-201,67,-23297,3584,6656,12234
-7,20,2048,-159,-109,67,-23553,3840,6912,12258
-21,40,2054,-161,-183,54,-23041,2816,5888,12281
-5,33,2055,-154,-185,99,-25089,4864,6912,12305
3,12,2032,-133,-217,56,-23553,3840,7424,12329
13,15,2039,-151,-157,70,-25601,5888,5888,12353
-6,30,2008,-157,-180,86,-24065,2816,8448,12377
-8,26,2050,-140,-165,58,-24321,3072,6656,12401
-13,20,2005,-127,-176,61,-23809,3584,7168,12425
0,22,2009,-150,-135,57,-23809,3584,6656,12449
-7,30,2056,-159,-159,84,-24321,5120,8704,12473
-12,33,2066,-149,-171,77,-23553,2816,7424,12497
-9,24,2026,-170,-172,75,-24833,5120,6144,12521
-9,2,2031,-142,-172,71,-22273,1024,8192,12546
-7,21,2046,-160,-155,87,-25601,3840,6400,12570
-6,32,2052,-171,-190,55,-24577,2816,8448,12594
-13,45,2026,-142,-197,68,-23553,3840,7424,12618
-11,31,1984,-157,-149,69,-23809,3584,7168,12643
-13,17,2036,-158,-139,67,-23553,3840,7424,12667
-6,34,2040,-178,-172,65,-23809,4608,7680,12691
-11,30,2050,-156,-167,78,-24065,3840,6400,12716
-5,22,2008,-120,-187,83,-24065,5888,6912,12740
9,26,2040,-155,-122,69,-23553,3328,5888,12765
0,20,2061,-160,-167,75,-24833,5120,6656,12789
-6,31,2060,-171,-176,71,-24065,3328,7424,12814
0,12,2028,-150,-171,72,-24577,4352,7424,12839
-1,9,2018,-146,-151,61,-24577,2816,7424,12864
15,9,2078,-146,-154,54,-25601,4352,6912,12889
-14,29,2060,-161,-152,75,-23297,2560,6144,12914
-3,33,2063,-157,-191,95,-23809,4096,8192,12939
-8,25,2024,-156,-154,91,-22529,2816,6912,12963
-6,9,2045,-124,-147,42,-23809,4096,6656,12989
2,14,2050,-131,-159,91,-23809,4608,7680,13014
-15,22,2043,-179,-170,60,-24321,6144,5632,13039
-19,14,2046,-171,-192,74,-22273,2048,7168,13064
10,26,2021,-162,-155,86,-23297,6144,8192,13090
-8,12,2010,-119,-149,66,-24065,2816,6912,13115
6,18,2051,-168,-165,80,-25857,4608,7680,13140
-23,34,2036,-166,-169,60,-23041,3328,6400,13166
-19,27,2057,-180,-175,81,-23553,2816,8960,13191
-33,15,1993,-150,-212,35,-23041,3328,5376,13217
-21,15,2016,-151,-173,45,-24577,4352,7936,13242
-17,27,2027,-163,-157,50,-25089,4352,6400,13268
-13,27,2020,-158,-175,88,-24065,2816,7936,13294
-5,39,2059,-165,-171,71,-25089,4352,5376,13320
-3,17,2043,-141,-174,60,-23041,3328,8960,13346
0,24,2000,-136,-175,56,-24577,5888,6912,13371
-7,15,2027,-145,-129,81,-24577,3328,7424,13397
-2,33,2053,-173,-154,85,-23809,5120,7680,13424
-13,27,2041,-175,-171,66,-25089,5376,4352,13450
-5,37,2054,-157,-166,55,-25601,4864,8960,13475
-23,25,1991,-150,-201,81,-23809,5120,6144,13501
-16,19,1979,-150,-186,75,-23041,3840,7936,13528
13,19,2051,-139,-128,93,-25089,4864,6912,13554
-14,31,2070,-170,-159,83,-22529,3328,7424,13580
-13,30,2065,-174,-171,76,-24833,4608,7168,13606
-10,27,2025,-143,-182,62,-24321,4608,6656,13632
-8,26,2019,-143,-184,58,-24577,4352,7424,13658
-2,23,1995,-151,-159,82,-23553,4864,6400,13684
-13,24,2025,-135,-145,67,-23297,3584,8192,13711
-21,26,2029,-170,-187,73,-24833,4608,5632,13737
-6,20,2064,-159,-186,82,-24321,4096,7680,13764
-11,23,2048,-161,-183,53,-24833,4096,7680,13790
-6,23,1986,-157,-186,61,-24065,4864,6400,13816
-9,6,1974,-119,-202,70,-23809,3072,5120,13843

-9,21,1965,-127,-192,67,-23553,3840,7424,14101
-8,22,2023,-156,-122,67,-25089,5376,7424,14124
-13,13,2063,-150,-150,79,-23553,3840,6400,14148
4,35,2061,-163,-187,53,-24577,4352,6400,14171
-6,23,2028,-137,-187,79,-23553,3840,6400,14195
-1,13,2047,-159,-152,53,-24833,4608,7168,14218
-15,27,2055,-163,-186,84,-23553,4352,7424,14242
-23,35,2050,-157,-184,62,-24321,2560,8704,14265
4,23,2023,-121,-173,56,-24833,4608,6656,14289
-5,16,2049,-164,-157,61,-23041,3328,7424,14312
-27,33,2050,-171,-184,91,-25089,4864,6400,14336
-10,32,2047,-145,-194,106,-23297,4096,7168,14359
-18,13,1968,-131,-181,64,-23809,4096,6656,14383
8,25,2051,-135,-174,57,-24833,4608,7680,14406
-22,18,2030,-166,-175,84,-25089,2816,7424,14430
-3,36,2052,-159,-225,75,-24577,4864,5376,14454
-19,7,1947,-133,-202,92,-24065,2816,7424,14477
-6,20,2015,-161,-150,46,-23041,5376,7424,14501
-75,2,2025,-382,-140,-560,-24065,3328,8448,14525
20,19,2020,-359,-345,-590,-23041,4352,5376,14548
19,17,2021,61,-60,59,-23809,5632,5632,14572
5,31,2085,22,-144,55,-24065,1280,8448,14596
-5,23,2039,-109,-216,96,-24833,5120,6144,14620
-12,12,2046,-167,-176,85,-23809,4608,7680,14644
-64,7,1996,-164,-323,-19,-24321,4096,5632,14668
-241,10,2035,-186,-200,-1499,-24065,4352,7936,14692
-418,59,2042,-289,-38,-2550,-24065,3840,5888,14716
1002,41,2082,-436,-212,608,-24833,5632,8192,14741
115,-18,2003,-761,-835,5129,-24065,1280,5888,14765
49,154,2017,-578,-842,2919,-24577,3328,6400,14789
62,-33,2046,-531,-495,2311,-22785,2560,7168,14814
-262,194,2137,-1058,-817,-313,-24833,6144,6144,14838
-21,-50,2121,-1828,-256,-1220,-23041,2304,6912,14862
-179,-84,2006,-2044,-359,-1222,-24321,5120,7168,14887
135,-60,2060,-2762,-803,-1598,-21761,2560,8192,14911
254,307,2502,-4639,-1688,-27,-23809,4608,6144,14936
508,237,2654,-9540,-4041,3335,-20993,2304,7936,14960
310,38,2555,-15496,-4910,6378,-20737,3072,7680,14985
116,49,2793,-21706,-3829,6992,-15873,768,8960,15009
244,-38,2727,-30250,-1478,-429,-13057,2048,6144,15034
-37,-881,2412,-32768,-4878,-395,-8193,256,7936,15059
88,-1134,2292,-29711,-2607,290,-4865,1536,5632,15084
18,-1164,2042,-25207,1358,1527,-2561,2304,6912,15109
45,-1456,2105,-20230,3575,2087,-1025,3328,4864,15134
48,-1583,2055,-13637,783,-3042,-257,3072,4096,15159
260,-1822,1841,-5390,1094,-7591,-1,2304,3328,15185
238,-1962,1181,7590,498,-4959,-1281,1536,6656,15211
190,-1410,1017,19929,86,-3176,-4865,3072,4096,15236
295,-1124,760,31633,-371,-1324,-6913,2048,7168,15261
-195,-604,143,32767,-1522,2119,-11777,2304,5888,15286
117,-413,-548,32767,1477,3316,-15617,3072,7168,15312
-40,-324,79,32767,-506,5419,-23041,3328,5888,15338
-179,-21,389,32767,-5229,3103,-26881,2560,3584,15363
58,30,676,32767,-6449,1341,32767,2816,2816,15388
-83,288,797,32767,-3658,-1843,32511,512,-769,15413
71,538,1424,20098,-1112,-5212,28415,2048,-257,15439
137,618,1556,11652,1821,-4647,27647,-513,-3073,15465
26,923,1635,6658,4101,-4701,26623,3328,-1537,15490
191,1082,1901,-1229,4701,-5616,27903,3072,-2817,15517
146,913,2125,-6361,3891,-6738,28671,3328,-1025,15543
216,900,2312,-10774,5043,-5119,27647,5376,256,15569
291,964,2530,-14885,2940,-3837,32767,3840,2304,15594
161,836,2444,-16968,1648,-2860,30463,5120,2560,15621
14,440,1460,-14275,5401,-3703,-32513,5632,4608,15647
-14,548,2560,-7615,2802,-2859,-30465,6144,3584,15673
195,-193,2185,-23046,-1109,35,-28929,4096,5120,15699
90,249,2457,-17096,-91,-1066,-26369,5632,7168,15725
-525,-206,2761,-8939,-13855,1051,-25601,5376,5888,15752
-45,101,1996,-563,21,576,-26369,4608,7168,15778
-27,-23,2113,-613,-204,2181,-27905,6144,4096,15804
-50,-53,1965,-201,-141,1245,-24065,3328,6912,15831
-17,7,2099,-210,-152,664,-25089,5888,7936,15857
-8,32,2031,-196,-107,174,-23553,4864,6400,15884
-5,26,2056,-236,-138,118,-25089,3328,7936,15910
-108,34,2032,-234,-192,-586,-26113,6912,5888,15936
-41,-16,1992,-193,-211,-479,-26369,3584,8192,15963
-43,-18,2049,-227,-215,-1951,-25089,5376,7424,15989
-381,-62,2086,-412,-286,-3145,-25601,5376,4864,16016
215,160,2035,-545,-350,-2242,-25601,5376,8448,16042
-9,58,2071,-500,-322,-1298,-25857,6656,5632,16070
-57,-5,2263,-1506,531,-1538,-25345,3072,6144,16097

-49,-1534,1611,-4839,688,-4470,-3073,8448,5376,16357
-213,-1416,1302,3948,-2130,-4541,-2817,6656,8192,16380
122,-1134,1080,11797,-5303,-3661,-6401,7168,7680,16403
234,-936,885,19856,-8057,474,-6145,4352,6400,16427
132,-600,771,26115,-9063,3048,-10753,5376,6912,16450
108,-387,627,29139,-9335,3349,-13825,5376,8960,16474
42,-457,530,32767,-8358,3685,-18177,2560,6144,16497
-36,-93,573,32767,-8346,2702,-22017,4864,5888,16521
119,18,646,32767,-7009,778,-25089,1280,5376,16544
113,100,970,32767,-5603,-109,-30977,2048,3072,16568
219,235,1164,28595,-5100,-346,-31233,2304,2816,16592
28,325,1222,20325,-6563,-2884,31231,-1,256,16615
139,178,1422,16979,-4156,-2912,30207,1280,-513,16639
290,407,1573,14652,294,-1462,30975,-1281,-1281,16662
164,750,1575,11375,3958,-1308,28415,1536,-1793,16686
152,840,1724,5937,5376,-3988,28927,512,-1281,16710
220,814,1985,871,7104,-4187,26367,512,-1281,16733
207,756,2157,-3695,8914,-2997,28159,2816,-513,16757
353,971,2422,-8302,8984,-1606,28927,1536,-257,16781
367,1067,2329,-13963,7628,469,28927,5120,512,16804
172,879,2179,-16118,7111,527,32767,2816,3840,16828
-121,679,2260,-14915,8394,1175,-31745,4864,2304,16852
77,1194,3490,-30119,-1289,969,-28417,4096,6656,16876
165,14,2541,-24674,-1689,-105,-25857,4608,5632,16900
1191,-262,4410,-19477,4976,-2230,-24577,4352,8448,16924
-56,614,2200,163,115,-2063,-26369,4096,6656,16949
17,178,2189,-205,-106,949,-25601,4864,6912,16973
-51,-37,1985,-182,-153,-314,-23809,4608,5632,16997
-116,-187,2036,-231,-221,-795,-26113,6400,5888,17021
-32,10,2083,-266,-268,-230,-25089,1792,7936,17046
-10,21,2005,-203,-169,-1137,-25345,5120,6656,17070
-10,35,2034,-200,-149,-2025,-24577,3840,7936,17095
33,5,2059,-234,-209,-572,-26369,5632,5120,17120
5,15,2075,-325,-357,-287,-25601,3840,7424,17144
-13,4,1978,-331,-345,60,-26369,6656,5632,17169
-136,-13,2012,-616,-588,-2056,-24833,3584,7168,17193
57,30,2080,-524,-373,-1410,-24833,6144,6656,17219
-36,42,2050,-753,-532,-1454,-24065,4864,8448,17243
26,28,2172,-1593,710,-1237,-25857,6144,6144,17268
40,34,2257,-2863,-554,-1372,-23297,3584,7168,17293
333,-98,2292,-6311,-671,1373,-24321,5632,5120,17317
46,10,2505,-10444,-136,1799,-20993,2816,7936,17343
4,-81,2678,-15995,1310,1731,-21505,5888,6400,17368
-114,-9,2522,-21871,1416,800,-17153,4096,6656,17393
-134,-504,2099,-25166,300,644,-13825,6912,7936,17418
-132,-637,2204,-26042,4545,1204,-9729,5376,8960,17443
-52,-1077,2535,-24148,2766,-1846,-8705,6912,6400,17468
-169,-1196,2439,-24450,3273,-2721,-4097,5888,6912,17494
-2,-1617,2087,-21807,4528,-2344,-3073,8960,6400,17520
-212,-1603,2073,-16454,6352,-979,256,7936,5888,17545
-68,-1615,1718,-11259,5210,-2342,-513,9984,5888,17570
-44,-1341,1414,-1749,3070,-1541,1280,8960,4864,17596
-292,-1253,1091,5110,-879,-1360,-1537,11008,7936,17621
-87,-1144,922,13503,-1495,552,-1793,9216,6144,17647
-1,-964,947,19309,-2774,2960,-5633,10496,7936,17672
0,-601,771,23419,-3707,3883,-8705,9984,6912,17698
242,-409,762,27170,-6524,5683,-13313,9472,8448,17724
6,-296,868,31003,-11462,5358,-15873,7424,7936,17750
56,-201,1008,32153,-12877,4968,-20737,4096,8704,17776
69,-111,1139,32767,-11710,4457,-25089,4864,5888,17802
170,119,937,32644,-12246,2878,-27393,2048,4096,17827
65,255,1186,29256,-14405,-1504,32767,1280,2304,17854
162,154,1599,22924,-7165,-2992,31743,-513,-513,17881
365,251,1598,19638,-2399,-1174,30463,512,1024,17907
307,623,1563,14500,-847,216,28415,-769,-2817,17933
257,817,1534,10822,-750,-1113,28671,-513,-513,17959
45,712,1577,7021,2665,-3872,26111,1280,-3073,17986
-19,600,1944,5189,7753,-3711,27903,-769,-1793,18012
175,978,2152,274,10072,-4124,26111,1792,-1025,18039
208,1051,2184,-5120,11321,-4124,28159,2816,-2049,18066
-922,2089,2630,-32768,128,-135,32767,3328,2816,18092
-141,92,2293,-32768,835,-4320,-31233,4864,3328,18119
129,-64,2780,-29928,3562,-2694,-25601,3840,4864,18145
1895,-640,5536,-21764,11510,-4517,-25089,4864,6912,18172
-402,2230,1976,-162,-729,362,-23297,3584,4608,18199
128,219,2005,-299,41,-339,-26625,4864,6912,18225
-20,35,2026,-359,-224,191,-26113,5376,5376,18252
0,26,2068,-604,-127,-332,-24833,3584,6144,18278
-25,39,1942,-470,-217,-829,-25089,5888,5888,18305
-9,45,2033,-404,-203,-1682,-25089,5376,5376,18332

-149,88,2331,-4694,-747,-440,-24577,5888,7936,18593
-36,29,2426,-8777,-3219,-670,-24321,6144,6144,18616
190,21,2306,-12453,-5784,44,-22785,6144,9216,18640
66,-144,2168,-13350,-3701,942,-20481,3840,5888,18663
-67,-423,2051,-12205,-12261,1301,-18689,5120,7680,18686
53,-450,1841,-8987,-18290,150,-16641,512,7168,18710
79,-423,1808,-6862,-18201,773,-17921,-513,5888,18733
330,-357,1917,-5003,-20018,771,-16897,-2561,5888,18757
635,-415,1892,-3628,-23080,-210,-16385,-6657,2816,18780
625,-423,1782,-2043,-25701,-888,-16897,-6145,3840,18804
971,-602,1687,-616,-21613,-1171,-14337,-11777,768,18828
1102,-557,1759,1516,-23983,-67,-17153,-12033,512,18851
1222,-497,1764,4792,-24616,-5062,-15361,-12289,-2561,18875
1097,-629,1896,8657,-22166,-7782,-18689,-16129,-5377,18898
1187,-274,1375,10164,-17702,-7528,-21249,-16641,-4353,18922
1569,-390,1651,10479,-14770,-7108,-20993,-18433,-8193,18946
1345,23,1405,7798,-11578,-3779,-24065,-17921,-7681,18969
1195,-137,1448,4963,-8790,-2066,-21761,-20225,-9985,18993
1337,10,1334,1790,-3773,-380,-23041,-17921,-10241,19017
1346,-87,1109,1395,6072,-2220,-23041,-18433,-8705,19041
1457,7,1278,1593,18706,-3341,-24065,-16385,-7169,19065
1148,-28,1060,-2007,28953,-1104,-24577,-13313,-3073,19089
888,-122,1519,-3291,32767,1746,-21505,-13825,-3073,19114
933,-191,1946,-314,32767,559,-23297,-6913,1536,19138
858,-10,2021,3162,32767,-3192,-22785,-5889,1536,19162
335,-95,1702,3837,32767,-3304,-24833,512,3072,19186
-88,-57,1748,-720,32767,186,-24065,4352,6400,19211
-119,94,1901,-1604,32767,-621,-24833,11776,5120,19235
-388,-237,2102,2947,32767,-5166,-25089,14592,6912,19259
-498,-122,1974,3544,32767,-5558,-25857,20992,5120,19284
-862,-35,1833,-4500,32767,-6449,-22785,23040,4608,19309
-1210,-356,2028,-9319,32767,-6288,-24577,29952,1280,19334
-1291,-406,1857,-3712,30256,-3014,-21249,31232,4096,19358
-1608,-71,1738,2521,17389,2573,-22529,-31488,-513,19383
-1696,-10,1278,2547,21724,1633,-22529,-29952,-1025,19407
-1546,-36,1330,459,15719,-36,-23041,-27904,-2049,19432
-1676,-43,1384,1922,14971,-2804,-23297,-26112,-1793,19457
-2209,-168,997,-11,20302,-1151,-23553,-23808,-4609,19482
-2307,-96,1189,1232,29344,887,-25345,-22528,-7937,19507
-1942,-102,1035,3003,27688,3427,-23809,-20480,-9985,19531
-1735,-298,864,3143,27500,1499,-23809,-19456,-14081,19557
-1958,-106,390,2736,22225,605,-26113,-17664,-14337,19582
-2141,91,138,1289,15128,2338,-25345,-18432,-18177,19607
-2021,7,261,-1340,9695,3849,-26369,-17920,-19201,19632
-1985,6,340,-1022,-454,4776,-24833,-19456,-18177,19658
-1971,153,321,1296,-2955,4904,-25601,-19200,-17921,19683
-1829,107,298,2641,-15718,5949,-27649,-20224,-15361,19708
-1759,127,376,1858,-29329,5287,-28417,-20480,-14081,19733
-1628,65,538,432,-32768,3716,-27649,-24320,-8193,19759
-1094,48,501,-3961,-32768,257,-28161,-25856,-5121,19784
-1038,26,575,-10050,-32768,-3844,-26369,29696,1536,19810
-1090,36,891,-21064,-32768,-3119,-24321,24064,5120,19836
-348,-236,1519,-31317,-32768,-1072,-18177,14848,8192,19862
-256,-419,1658,-32768,-32768,-4642,-15361,13056,9472,19888
-2608,-2684,-4279,-32768,-27500,-2669,-13313,4864,7936,19914
252,-877,1621,8319,6330,-7769,-14337,5888,7936,19940
312,-647,1630,6956,-1828,-2487,-16385,6400,6912,19967
211,-580,1838,8401,-5772,-1881,-16897,3328,9984,19992
288,-495,1779,11356,-6303,-741,-18433,5376,6912,20019
-7,-362,1710,15252,-9078,2198,-18177,2560,7168,20045
-270,-369,1999,16337,-3961,4425,-22273,3584,6656,20071
180,-66,2313,13654,-2042,3229,-22529,1280,4864,20097
48,-18,1920,11797,2704,2315,-24833,4096,7680,20123
739,-261,1497,5878,32767,-1852,-25601,6400,6912,20150
25,-91,2099,-1352,-331,3008,-25089,3840,8448,20176
-26,23,2017,-345,-337,2269,-25345,6144,6656,20203
-42,-64,2047,-517,-407,1025,-24833,5120,6144,20230
-5,13,2025,-185,-172,2,-24577,4864,7424,20256
-13,27,2073,-172,-155,55,-25345,5632,6656,20283
-34,16,2024,-171,-179,81,-24321,4608,8192,20309
-17,34,2066,-173,-195,80,-24321,6144,8192,20336
-21,26,2012,-138,-233,66,-24833,4608,6144,20364
-29,18,2005,-133,-221,74,-24833,5120,7680,20391
-40,7,1986,-161,-182,59,-25857,6144,7168,20418
5,10,2067,-164,-145,80,-24321,3584,6656,20445
-18,26,2073,-166,-134,67,-26113,6912,6912,20472
-19,33,2029,-151,-173,80,-24321,5120,7168,20499
-6,17,2053,-175,-177,57,-24065,3840,7424,20526
-19,12,2017,-139,-187,91,-24321,7168,7168,20553
-48,14,1995,-128,-190,76,-23809,4608,5120,20581

-36,21,2019,-166,-186,80,-23809,5120,7168,20845
-18,25,2017,-137,-201,68,-25857,6144,7168,20868
-23,12,1995,-146,-200,59,-24577,4864,7936,20892
-21,21,2039,-172,-150,54,-26113,5888,5376,20915
-23,29,2030,-162,-171,72,-24833,5120,8704,20938
-36,18,1998,-132,-188,79,-25345,4608,5632,20962
-16,11,2027,-140,-177,81,-25857,5632,5120,20985
-15,26,2031,-166,-161,76,-25345,4608,7168,21009
-31,43,2050,-161,-185,70,-25345,4608,6656,21032
-22,14,2005,-148,-163,57,-24577,4352,6912,21056
-23,-1,2039,-148,-149,75,-24321,4608,5120,21079
-32,14,2040,-158,-144,82,-26113,5888,6912,21103
-18,30,2079,-172,-195,87,-24833,4608,5120,21127
-23,29,2008,-144,-197,80,-25345,5632,7680,21150
-35,33,1965,-164,-162,72,-24065,4864,6400,21174
-33,23,2061,-171,-175,86,-26625,5888,6400,21197
-31,39,2058,-165,-175,79,-26113,4864,6912,21221
-8,18,2018,-161,-165,47,-25345,5632,6656,21245
-33,8,2020,-139,-169,76,-26113,5888,6400,21269
-20,8,2037,-171,-160,52,-24577,3328,7424,21292
-25,28,2045,-149,-188,66,-24833,5632,5632,21316
-23,25,1994,-150,-185,77,-24833,5632,7168,21340
-12,30,2034,-138,-122,58,-25089,4864,5376,21364
-29,27,2062,-178,-146,66,-25857,5632,7680,21388
-13,29,2063,-167,-186,82,-23297,4608,5632,21411
-11,26,2026,-128,-157,109,-25601,5888,6912,21435
-28,22,2005,-139,-175,67,-25345,3584,8192,21460
-17,30,2043,-168,-161,77,-25601,5888,4864,21484
-32,18,2050,-171,-174,91,-24321,4096,7168,21508
-29,17,2021,-160,-191,71,-24577,4864,6400,21533
-28,5,1978,-140,-185,73,-23809,5120,7680,21557
-24,11,2072,-158,-133,45,-25089,6400,6400,21581
-24,35,2056,-153,-168,71,-25089,6400,6912,21605
-29,22,2053,-155,-198,57,-23809,4608,6656,21630
-32,27,2004,-148,-164,78,-25601,6912,7424,21655
-21,18,2016,-146,-156,84,-25601,3840,5376,21680
-17,24,2059,-163,-171,77,-26369,5632,6656,21704
-23,35,2058,-148,-171,56,-24321,4096,5632,21729
-19,7,2044,-157,-204,79,-25601,6912,7936,21754
-6,11,2031,-161,-157,68,-25089,3840,5888,21779
3,24,2054,-159,-155,56,-25089,6912,6400,21803
-30,37,2052,-157,-149,52,-24065,4352,4864,21828
-27,30,2058,-140,-181,57,-25857,7168,6144,21853
-23,21,2012,-141,-174,77,-24577,4352,7424,21878
-11,15,2032,-131,-157,93,-25089,5376,6912,21903
-10,13,2046,-161,-163,91,-24833,3584,6144,21928
-39,20,2053,-173,-164,81,-25089,6400,6912,21953
-20,23,2064,-161,-190,64,-24321,4608,6656,21978
-9,9,2009,-182,-142,76,-26113,6912,6912,22003
-1,18,2035,-156,-118,73,-24321,4608,7168,22028
-15,25,2041,-163,-138,71,-27137,5376,6400,22054
-26,27,2045,-160,-168,94,-25601,3840,5376,22080
-35,27,2052,-148,-179,74,-24833,5632,7168,22105
-35,28,1988,-122,-198,67,-26881,3584,6144,22130
-12,22,1983,-148,-167,69,-25089,5888,8448,22156
-18,18,2025,-150,-113,78,-26369,5120,6144,22181
-26,27,2053,-171,-179,74,-25089,4864,8960,22207
-17,34,2047,-164,-187,87,-25345,5632,5632,22232
-27,11,2010,-141,-201,80,-23297,4096,7680,22258
-26,16,1989,-145,-198,54,-25345,7168,6656,22284
-15,16,2045,-138,-115,66,-24321,5120,7168,22310
-21,34,2049,-155,-174,50,-25857,5632,6144,22335
-27,24,2067,-166,-187,81,-24321,4096,4608,22361
-16,17,2044,-158,-178,67,-25089,5376,7424,22387
-28,17,2004,-139,-167,57,-25089,3840,5888,22413
-8,24,2003,-129,-151,41,-24577,5376,7936,22439
-16,13,2020,-178,-147,77,-25345,5632,5120,22465
-34,27,2029,-161,-179,56,-24321,4096,7168,22491
-18,34,2051,-156,-173,97,-26369,6656,6656,22517
-17,28,2055,-134,-200,64,-23553,4352,6400,22544
-23,11,2018,-122,-178,70,-27137,5888,6400,22570
-21,19,2022,-138,-127,84,-23809,5632,5120,22596
-26,14,2041,-143,-161,60,-23809,4608,7680,22623
-21,33,2017,-154,-165,62,-25857,6656,6656,22649
-26,24,2087,-161,-173,59,-24833,3584,7168,22675
-8,14,2031,-137,-201,49,-25089,5888,5888,22702
-11,33,2023,-124,-154,38,-24065,4864,5376,22728
-26,3,2008,-161,-142,59,-25601,5888,7936,22755
-22,32,2026,-154,-151,72,-25345,4608,6656,22781
-21,28,2035,-162,-183,80,-23809,4096,7680,22808
-24,19,2070,-169,-164,74,-26625,5888,6400,22835

-10,17,2003,-164,-149,59,-25345,6144,5632,23100
-32,21,2033,-175,-170,84,-24321,4608,6656,23123
-31,27,2049,-167,-185,51,-25345,5120,5120,23147
-34,16,1995,-129,-161,95,-24577,5888,6912,23170
5,31,2063,-126,-141,80,-24065,3840,7424,23194
-15,27,2063,-184,-198,72,-25089,6912,6400,23217
-19,22,2062,-164,-216,49,-25345,5120,6144,23241
-30,10,1984,-147,-169,65,-24065,4864,7424,23264
-17,29,2066,-159,-127,64,-24577,5376,7424,23288
-22,26,2042,-158,-176,58,-24065,3840,5376,23311
-25,24,2043,-157,-192,60,-25857,6144,6144,23335
-20,12,1996,-130,-187,72,-24321,4608,6144,23358
-28,24,2053,-176,-160,73,-26113,5376,5376,23382
-23,29,2054,-185,-158,40,-24321,5120,6144,23405
-24,36,2037,-137,-196,62,-24577,4864,5888,23429
-2,14,2038,-146,-166,74,-26369,5120,6656,23453
-14,16,2049,-146,-168,72,-24321,4608,8192,23476
-33,38,2044,-163,-180,92,-25089,4864,7424,23500
-14,32,2032,-136,-247,105,-22273,5632,5632,23524
-29,14,1939,-129,-192,79,-25089,6912,6400,23548
-22,27,2044,-168,-144,81,-23553,4864,8448,23572
-32,31,2042,-162,-197,59,-25601,5376,6400,23595
-26,13,2042,-154,-201,82,-26113,5376,6912,23619
-13,19,2011,-130,-168,74,-23809,5120,6144,23643
-12,17,2065,-151,-157,75,-27393,6144,6656,23667
-40,18,2033,-168,-184,82,-23553,3840,7936,23691
-27,31,2038,-147,-193,95,-24833,4608,6144,23715
-20,28,2005,-136,-207,65,-24321,5120,7680,23740
-11,17,2038,-165,-145,72,-26369,5632,5632,23764
-20,24,2053,-158,-161,50,-25857,4608,6144,23788
-26,28,2046,-150,-179,113,-24321,4608,6144,23813
-26,19,2001,-147,-168,64,-25601,5376,7424,23837
-10,17,2036,-140,-148,67,-24833,4608,6656,23861
-14,32,2092,-132,-179,77,-24833,5632,7680,23885
-34,24,2060,-173,-153,65,-25345,4608,7680,23910
-12,21,2019,-139,-190,78,-25345,6144,6656,23934
-18,24,2004,-133,-172,70,-24065,3840,7424,23959
6,22,2050,-173,-168,88,-26369,5632,5632,23983
-36,21,2030,-160,-175,61,-23809,3584,7680,24008
-14,27,2032,-167,-208,63,-25601,5888,5376,24033
-20,11,2004,-142,-170,91,-25089,4864,7424,24059
-35,17,1997,-148,-187,60,-24577,6912,4864,24083
-10,27,2027,-164,-172,80,-23809,3584,7168,24108
-32,28,2052,-170,-179,83,-25345,5120,6656,24134
-12,19,2049,-158,-207,89,-23297,4608,7680,24159
-19,20,2037,-136,-171,103,-24833,5120,6144,24184
-16,9,2004,-133,-153,84,-24833,4608,6144,24209
-14,36,2063,-149,-159,84,-25601,7424,5888,24234
-16,29,2055,-163,-175,78,-24833,3584,7168,24259
-27,28,2044,-138,-183,69,-24833,7168,6656,24284
-5,25,2034,-151,-152,47,-24065,3840,7424,24309
-11,13,2043,-160,-114,73,-25089,5888,6400,24335
-27,27,2047,-175,-183,77,-23809,5120,7168,24360
-32,45,2062,-176,-154,84,-24833,5632,6144,24385
-14,26,2041,-150,-202,71,-25089,4864,6400,24410
-12,29,2029,-140,-176,51,-26113,4864,6912,24436
-13,18,2028,-150,-175,77,-25345,5120,5120,24461
-9,21,2049,-167,-160,77,-24577,5376,6912,24487
-26,16,2040,-154,-173,101,-25857,3584,4096,24513
-19,33,2051,-157,-174,92,-24833,5120,7168,24539
-24,21,2002,-147,-187,107,-25601,5376,4864,24565
-10,8,1970,-143,-172,78,-24321,5120,8704,24590
-9,19,2033,-154,-169,68,-25601,6912,5888,24616
-26,21,2055,-173,-175,89,-24833,4608,6144,24643
-27,28,2058,-156,-197,49,-24833,6656,6656,24668
-23,28,2038,-151,-193,97,-24065,5376,5888,24694
-24,10,2027,-133,-154,66,-24065,6400,6912,24720
-15,2,2008,-158,-140,56,-24833,4096,5632,24746
-25,18,2038,-214,-145,91,-24833,5632,6656,24772
-31,24,2026,-170,-168,89,-25089,4864,6912,24798
-36,19,2048,-143,-192,68,-24577,4864,6912,24824
-8,18,2020,-151,-185,78,-25345,5120,6144,24851
-19,18,1997,-139,-141,56,-24833,5120,5632,24877
-15,27,2059,-157,-123,64,-25601,5376,6912,24903
-26,25,2055,-174,-149,90,-24833,5632,5120,24929
-17,32,2060,-154,-167,109,-24065,4352,6400,24955
-26,23,2046,-150,-201,61,-25345,5632,4608,24982
-21,18,2013,-137,-178,71,-25089,4352,7424,25009
-26,14,1991,-169,-131,102,-24833,6144,7680,25036
-31,14,1999,-155,-128,70,-25601,4864,7424,25063
-35,23,2033,-166,-154,90,-23041,5888,7424,25089

-21,9,1983,-120,-157,51,-26113,5888,5888,25349
-17,25,2030,-143,-157,77,-25089,4352,7936,25373
-18,28,2065,-156,-184,86,-24833,5632,6144,25396
-38,26,1993,-148,-198,88,-26113,5888,6912,25420
-25,15,2019,-130,-158,60,-24321,4608,6656,25443
-32,24,2044,-168,-197,102,-25601,6400,5888,25466
-43,35,2038,-153,-192,76,-24833,4096,7680,25490
-28,14,1996,-144,-183,60,-25857,4608,4608,25513
-10,19,2039,-143,-136,55,-24833,6144,8704,25537
-21,22,2057,-156,-158,57,-24833,5632,5632,25560
-19,19,2039,-159,-196,54,-26113,6912,6912,25584
-15,25,2030,-161,-200,46,-24833,3584,7168,25608
-11,15,2051,-159,-145,77,-25857,5120,5120,25631
-12,21,2047,-147,-162,80,-23809,5632,7168,25655
-17,23,2061,-150,-186,79,-23809,5120,5120,25678
-12,24,2025,-153,-172,58,-26113,6912,6400,25702
1,10,2054,-154,-121,68,-24577,3328,6400,25726
-38,23,2034,-172,-182,80,-25345,5632,5120,25749
-20,28,2056,-138,-205,79,-23809,3584,7168,25773
-34,3,1983,-133,-198,95,-25601,4864,4864,25797
-33,8,2031,-168,-133,61,-25089,6912,7424,25821
-32,31,2043,-154,-162,66,-25601,4352,6400,25845
-28,26,2054,-141,-201,75,-25345,6144,6656,25869
-5,33,2035,-135,-161,63,-25345,4096,7168,25893
-34,17,2014,-137,-135,64,-25089,5888,5888,25916
-27,29,2030,-168,-186,78,-24321,4608,6656,25940
-27,29,2028,-139,-202,73,-25857,5120,5632,25964
-34,11,2003,-139,-180,73,-24065,4352,7424,25988
-25,11,2035,-150,-151,86,-24833,5632,5632,26013
-26,23,2075,-174,-156,66,-24321,5632,7168,26037
-24,28,2077,-159,-174,82,-24833,4096,6144,26061
-38,9,1994,-134,-181,76,-24833,5632,6656,26085
-5,16,2049,-136,-171,59,-23809,4608,7680,26109
-17,28,2055,-154,-160,66,-25089,5888,6400,26134
-13,19,2035,-168,-159,68,-25089,3840,7424,26158
-25,23,2043,-162,-190,57,-25089,5888,6400,26183
-25,17,2011,-137,-204,76,-23297,5120,8192,26207
-27,22,2029,-163,-133,65,-24833,5632,6656,26232
-38,22,2008,-150,-171,91,-24321,5120,7680,26256
-34,21,2036,-188,-176,91,-26113,5376,6400,26281
-31,22,1996,-149,-195,73,-25089,5376,7936,26305
-21,11,1988,-146,-168,52,-23809,3584,7168,26330
-19,16,2028,-147,-140,99,-25601,5888,7936,26355
-36,37,2066,-171,-164,71,-25345,5632,5632,26380
-15,16,2059,-175,-186,93,-25345,5632,8192,26406
-44,15,1977,-135,-223,72,-25089,5888,4864,26431
-35,18,1982,-140,-167,81,-25089,5376,7424,26456
-18,28,2028,-176,-157,75,-25601,5888,5376,26481
-1,33,2057,-186,-158,74,-24577,4352,6400,26506
-17,19,2042,-169,-207,59,-24577,6400,5376,26531
-27,4,1976,-130,-212,84,-24321,3584,7680,26556
-20,11,2002,-138,-154,46,-26369,6144,6144,26582
-18,28,2016,-156,-177,80,-24577,3840,6912,26607
-19,27,2042,-155,-190,75,-25857,6144,5632,26633
-26,20,2050,-169,-198,71,-24065,4352,6400,26658
-26,3,1996,-146,-199,50,-25857,6144,5632,26683
-14,35,2002,-144,-152,57,-23553,4352,6912,26708
-14,20,2029,-166,-176,68,-24577,6400,6400,26734
-18,19,2069,-172,-166,87,-24065,5888,6912,26759
-19,19,2058,-161,-215,89,-26881,6144,7680,26785
-34,11,2019,-140,-185,71,-25601,4864,5888,26811
-20,4,2013,-150,-148,73,-25601,5376,8448,26836
-7,34,2053,-177,-116,62,-24065,3328,6400,26862
-16,27,2056,-176,-150,78,-24577,4864,6912,26888
-27,39,2068,-183,-209,93,-24321,5120,6144,26914
-47,25,2006,-136,-220,89,-24321,3584,8192,26940
-22,11,1998,-134,-188,70,-25857,6144,5632,26966
-1,27,2028,-139,-127,40,-25089,3840,6400,26992
-8,44,2066,-162,-182,84,-25601,5888,6400,27018
-23,27,2071,-171,-184,78,-23809,4608,5632,27045
-14,30,2061,-163,-217,89,-25089,4352,6400,27071
-30,7,2006,-146,-199,88,-25857,5632,5120,27097
-19,15,1989,-151,-178,77,-25089,4864,7424,27124
-11,23,2025,-140,-165,71,-25345,4608,6144,27150
0,32,2055,-152,-167,63,-24577,4352,6400,27176
-21,30,2085,-148,-152,79,-25345,4608,7680,27203
-19,27,2061,-175,-192,60,-26113,6400,5376,27229
-38,16,2016,-127,-218,80,-23809,4096,7168,27256
-19,4,2005,-137,-181,64,-26113,5888,5376,27283
-6,11,2035,-142,-159,93,-24577,4352,5888,27310
-12,40,2069,-129,-150,91,-25601,4864,7936,27336

-5,23,2052,-143,-147,60,-24065,2816,8448,4482
-34,29,2025,-140,-197,70,-24577,4864,5376,4506
-20,22,2014,-176,-225,96,-25089,4864,8960,4529
-26,14,1985,-133,-144,59,-24833,4096,4608,4552
-17,22,2074,-145,-167,74,-24065,4352,6912,4576
-21,17,2048,-143,-164,55,-23809,4096,7680,4599
-29,19,2009,-121,-204,65,-25345,5120,5632,4623
-16,12,1994,-114,-160,92,-24065,5376,7936,4646
-35,30,2045,-124,-156,84,-25345,5120,5120,4669
-23,32,2079,-51,-188,68,-24065,5376,7424,4693
-9,20,2030,324,-208,47,-23297,3584,7168,6833

-26,27,1985,-134,-183,67,-24833,4608,6144,7068
-18,20,2041,-202,-166,152,-24577,4864,6400,7092
-16,22,2032,-338,-289,354,-24065,4352,7424,7115
-5,3,2099,-355,-1743,815,-24577,6400,5888,7139
-59,-5,2011,-314,-869,-16,-23553,3840,7424,7162
-15,22,2043,-241,-161,-125,-25089,4864,5888,7185
-13,24,2087,-315,-280,76,-25857,4608,7680,7209
-6,22,2065,-505,-314,90,-23041,4352,6912,7232
-2,-10,2011,-551,-378,9,-25857,5632,6144,7255
-19,25,2072,-197,-208,-42,-24577,3328,7424,7279
-241,-16,2071,-787,-1151,-3107,-24577,4864,6400,7302
-80,52,2071,-1229,-1379,-1379,-23809,4608,7168,7326
-149,-27,2194,-933,-4041,-1463,-24321,2560,6144,7349
-49,-164,2072,-2279,-3113,-2404,-25089,4864,5376,7372
169,-4,2012,-2537,-1473,-1567,-23553,4352,6912,7396
76,-54,2124,-3310,-208,-1405,-23041,3840,6912,7419
315,237,2333,-6179,2849,-1059,-22785,4608,7680,7442
228,-192,2429,-8868,2612,-356,-22273,3072,7168,7466
-53,-227,2304,-11558,-718,-511,-22017,6400,6912,7489
104,-110,2343,-14926,2258,-2605,-16897,4352,8960,7513
-145,-152,2449,-18449,2194,-3205,-16385,4352,5376,7536
286,-625,2336,-22301,1108,-2083,-13313,6400,8960,7559
84,-1014,2063,-20248,2050,-353,-12289,4864,5888,7583
-263,-895,2367,-12923,-1569,-3388,-12033,7168,7168,7606
-148,-776,2187,-8247,-675,-3590,-9729,4864,8448,7630
3,-707,2156,-4565,-3552,-1732,-9985,4608,6656,7653
68,-948,2177,582,-5093,-635,-11265,4864,7424,7676
-94,-982,1979,6087,1667,-1943,-11265,3328,6400,7700
-147,-855,1870,10874,5084,-880,-13825,5888,6912,7723
-75,-842,1582,14153,6891,-185,-14081,7168,8192,7746
109,-705,1241,17100,4441,54,-17409,8448,6400,7770
230,-418,977,17679,4435,-1029,-19457,9472,7424,7793
493,-202,642,13960,3270,-2214,-19969,7424,6912,7817
457,-149,439,12640,-3188,-327,-22529,7936,5888,7840
206,-45,435,10710,-7085,1601,-22017,5376,6912,7863
65,-96,503,8358,-6256,2499,-24065,5888,4864,7887
426,32,2003,16019,1093,385,-25857,6144,6656,7910
-348,-210,1998,23806,13594,-1599,-28417,6144,4608,7933
-338,-21,1857,27429,2228,1039,-31233,8448,4352,7957
-401,431,1967,19739,-1877,2054,-31233,7424,4352,7980
-689,955,2754,15347,1473,3529,30975,8192,2048,8004
-357,887,2419,14081,2081,3479,30975,7168,1536,8027
-256,857,2265,9666,3190,3114,29951,6656,0,8050
-261,1094,2309,4184,1286,3273,28415,7680,1536,8074
-62,947,2087,-250,332,2442,29439,6144,2560,8097
-465,2657,5034,-12715,-18605,4091,30719,6400,1280,8121
85,716,2246,-10995,-5021,4403,29951,4608,3584,8144
-269,501,1895,-11512,876,2033,-32513,5120,2560,8167
222,308,2068,-11890,723,1899,32767,5888,3840,8191
244,227,2221,-9581,-523,200,-30209,3840,4864,8214
-113,244,2063,-8173,165,-183,-30465,6656,3072,8237
173,229,1892,-8374,-250,-525,-29953,5632,6144,8261
-63,183,2513,-5775,957,-1008,-28417,4096,3584,8284
-10,204,1929,-3561,-1717,-1021,-28673,5376,6912,8308
64,208,1764,-4933,-1207,-1301,-26369,3584,7168,8331
17,298,1817,-6916,-2884,-3348,-27137,5888,4864,8354
-14,-7,1578,-11413,-3802,-4216,-25601,4352,6912,8378
-1596,251,-908,8013,-7852,-544,-26113,4352,5888,8401
-172,2,1673,-1878,1577,365,-27137,6400,7424,8424
-65,100,1648,165,47,1148,-24833,3072,7168,8448
41,15,1834,-294,-165,475,-26113,6400,5376,8471
-18,16,2029,-271,-58,83,-24577,5888,7936,8495
-1,28,2087,-199,12,55,-25089,5376,5888,8518
-35,31,2035,-141,-87,52,-26113,5888,7424,8541
-35,24,2040,-233,-56,155,-25601,3328,6912,8565
19,-5,2023,-267,-60,658,-26881,6656,5632,8588
11,61,2068,-358,-80,418,-25857,5120,6656,8612
-26,34,2038,-501,-27,147,-25857,5632,5632,8635
22,-71,2090,-1217,-1872,143,-25345,6144,7680,8658
30,12,2017,-102,-265,86,-25089,4352,7424,8682
-30,19,2032,-176,190,52,-27905,6656,6656,8705
-24,35,2060,-177,2,73,-25089,4352,7424,8728
-55,39,2053,-96,101,45,-25857,5120,5632,8752
-10,26,2017,-147,-170,47,-26369,5632,7680,8775
-5,36,2031,-164,-191,82,-24577,4864,4864,8799
-22,33,2044,-132,-144,54,-27393,7680,6144,8822
-28,15,2031,-179,-104,367,-24577,5376,5888,8845
3,8,2033,-146,55,322,-25345,6144,6144,8869
0,50,2085,-153,-120,787,-25857,5120,7168,8892
-38,27,2081,-158,-177,593,-25345,4608,5120,8915
5,11,2035,-197,-187,102,-26369,6144,6656,8939
-23,6,2034,-167,-159,230,-25089,4864,7424,8962
5,-8,2071,-538,-375,629,-25857,6144,6144,8986
23,9,2097,-699,-539,492,-25601,5888,7424,9009
-109,-23,1991,-1218,-1662,-1036,-23809,6144,6656,9032
-27,-50,2129,-1926,-1191,52,-26625,6912,7424,9056

296,-694,1313,6645,-9596,16711,-11777,1280,7936,9314
98,-596,1792,10269,-9745,17791,-14337,1280,6912,9338
78,-438,1762,13591,-10293,12354,-14849,-1,6400,9361
414,-582,1560,16790,-10408,2791,-17409,-1,5376,9384
-352,-334,1720,20970,-8971,-9599,-21249,-257,5120,9408
-619,14,2177,18907,-7015,-16734,-22529,-2049,3328,9431
-549,403,2241,13334,-5410,-20503,-24833,-257,3072,9454
-188,262,1905,8856,-5951,-27635,-28161,-1025,2816,9478
-134,401,2017,4972,-2981,-32768,-29441,-1281,1536,9501
403,91,1904,1728,6237,-32768,-29953,4096,3584,9525
577,449,1871,872,16776,-32768,-31489,4608,3072,9548
607,129,1666,-2950,30934,-32669,32767,12544,3328,9571
58,6,1877,2084,29001,-26795,-32001,14848,3072,9595
-118,509,2298,2423,22830,-17506,32511,18944,2048,9618
-33,612,2298,4073,9493,-9593,32255,20224,2816,9641
-256,454,2211,2978,543,-3883,-32001,18944,2560,9665
-639,546,2147,663,2994,342,-32513,20992,2048,9688
-216,450,2005,-2556,2195,-592,31999,18944,2560,9712
-580,355,2365,590,2243,-1701,32255,20736,2304,9735
-1045,396,2275,4290,2935,-277,-32257,21248,2816,9758
-1031,317,2058,3641,2918,2303,31487,19456,2560,9782
-949,390,1891,21,1309,3099,30719,22272,1280,9805
-864,449,1898,-3198,-592,3804,30719,19712,4352,9829
-833,538,1969,-2549,-1784,5630,30207,20736,1280,9852
-704,363,1833,-1969,-1930,6905,31999,20480,2560,9875
-778,123,1514,-2919,-1187,6690,31231,17664,2816,9899
-585,609,1637,-8021,-89,5187,-32001,20992,2560,9922
-368,382,1785,-11497,-2412,4743,32767,18176,3840,9945
-382,267,2010,-10127,-6946,6678,-30465,17920,5120,9969
-302,124,2054,-8187,-9700,8992,-29185,17152,5376,9992
-193,-143,1948,-6602,-8428,6045,-28673,15616,5376,10016
-363,-208,2472,-3857,-6946,-649,-29697,16128,4864,10039
-154,-11,2421,6769,-733,-710,-29953,14848,6144,10062
-316,188,1928,8558,-2776,1098,-32513,15872,4096,10086
-237,293,1683,4625,-4635,4332,-32257,13568,4352,10109
78,239,1737,427,-5549,2687,-31745,13568,4864,10132
52,273,1878,-714,-1925,-87,-31745,14080,3328,10156
-288,314,2023,2008,-594,-79,-32513,13312,5120,10179
-129,372,1966,2769,-1281,1150,-31745,13568,3328,10203
-137,419,2015,1407,341,2094,32767,13056,4864,10226
-105,276,1980,-3132,-1500,4878,-30721,12032,3328,10249
-64,502,1925,-6921,-3406,8089,-31233,12544,4352,10273
-16,344,1849,-4696,-562,7928,-30465,9728,6144,10296
34,290,1730,-1349,1750,6999,-30209,12032,3328,10320
-83,324,2059,-792,1210,9634,-29953,11776,5632,10343
-207,229,2169,-3877,1286,11017,-29441,11776,4096,10366
-109,183,2085,-5977,-578,10957,-28673,11520,3840,10390
-105,17,1933,-5110,-2585,11800,-25857,7680,5632,10413
-152,93,2001,-3432,-3776,11950,-27393,8704,3584,10436
-245,82,2117,-5760,-819,11567,-26113,7424,6400,10460
30,51,2204,-9773,-7722,13210,-24065,4864,3328,10483
30,28,1872,-8936,-6122,14810,-24833,5120,6144,10507
41,-3,1877,-3695,-5559,14203,-23297,4096,5632,10530
-48,-137,1922,762,-3257,13101,-24833,4608,4608,10553
29,-60,1808,1776,-1214,14688,-22529,2816,5888,10577
78,-36,1664,2765,1124,16964,-21505,2816,2816,10600
-256,-36,2032,3952,-1330,16035,-23553,2816,4864,10623
-216,67,2212,3007,-1595,12964,-21761,1536,4608,10647
-1,-39,1884,1370,-2109,11963,-21505,2304,5376,10670
63,196,1821,1486,-1839,12321,-21249,1024,7168,10694
-79,169,2184,2572,-4918,13620,-21249,1024,3584,10717
-75,31,2070,976,-3247,11653,-22785,0,4608,10740
329,168,1976,897,-1215,10928,-18689,512,3072,10764
86,133,1887,2602,-848,14750,-21249,1536,4096,10787
-141,171,2186,3980,-1792,13014,-18945,-1537,4864,10811
14,225,2272,2133,-49,8945,-20225,-1281,2560,10834
242,252,2086,441,950,9300,-21505,-1,4864,10857
273,286,1999,-168,-7638,12199,-17409,-4609,2816,10881
223,177,2133,660,-4331,12313,-20481,-1,3328,10904
154,93,2027,343,0,10259,-17921,-3585,5376,10927
302,187,2026,1016,-2169,9306,-16641,-1793,2560,10951
246,115,1955,1522,-4666,10973,-19969,-2561,4352,10974
424,169,2014,1765,-3363,10471,-14593,-3329,3072,10998
388,207,1943,2235,368,10914,-17921,-3073,3328,11021
362,223,2004,1705,1062,12589,-14849,-5121,2304,11044
304,223,2026,1209,-238,13646,-14081,-1281,2560,11068
172,188,1919,1243,-8,12933,-16129,-3841,5120,11091
83,126,2114,2118,729,10612,-11521,-2817,3072,11114
207,226,2083,1146,1283,8814,-17409,-2561,4352,11138
204,198,1977,521,-712,10053,-13057,-3841,3072,11161
326,274,1960,369,282,11385,-13057,-2305,6144,11185
201,239,2070,-1215,1307,10223,-15105,-3841,4096,11208
173,165,2085,-2639,2563,7612,-9217,-2561,2304,11231
186,160,2061,-720,2728,6418,-15361,-2561,5376,11255
253,178,2036,-580,115,6620,-10497,-2817,4608,11278
211,78,1932,-930,-1111,7119,-8961,-257,5632,11301

344,328,1997,-4487,7469,-16610,-9985,512,4608,11563
364,350,2145,-3668,1524,-9135,-14593,512,4608,11587
79,49,1972,-4224,-3371,-4749,-12801,-513,4864,11610
-866,-508,2331,-4293,-82,-9981,-12033,1024,5120,11633
111,82,1946,-3804,3362,-11674,-15361,1792,5376,11657
84,-42,1933,-3418,3115,-10009,-11777,768,4864,11680
-115,-126,2038,-1774,1747,-10043,-15105,2560,5632,11704
-165,-139,2102,-918,1228,-11737,-13825,-1,5888,11727
-241,-192,2021,-1206,1623,-14587,-13825,768,4352,11750
19,54,2008,-660,5425,-17470,-16897,2816,6400,11774
7,95,2174,237,4931,-13939,-13057,2048,6144,11797
-47,-89,2223,-788,-3390,-14676,-18945,3328,4864,11820
-10,-151,1940,1093,-5889,-16264,-16385,-1,5376,11844
-95,-261,2044,3746,-898,-17506,-16897,256,4352,11867
-59,-68,2135,3837,2474,-17090,-19713,3072,5632,11891
11,72,2268,1922,1381,-14377,-18433,256,4864,11914
106,52,2076,-633,-123,-11828,-20993,4352,4864,11937
70,99,1966,-1260,442,-11177,-17665,1024,6144,11961
-13,54,1960,-959,3692,-13020,-19457,3840,4864,11984
-267,-76,2034,547,6657,-15793,-23041,5376,6400,12007
-112,-29,2019,2349,4875,-15851,-21505,3328,5376,12031
75,87,1907,2596,3390,-14423,-23553,7424,4352,12054
-121,80,2047,1809,1055,-11890,-22529,5376,6400,12078
-277,75,2142,395,1963,-12400,-22273,7680,3584,12101
-226,109,2033,-949,2497,-14334,-24065,7424,6400,12124
-221,85,2004,-520,2655,-15567,-22273,7168,6144,12148
-157,97,2001,1028,215,-14632,-25089,9984,4864,12171
-256,128,2057,1384,-623,-14102,-22529,7424,6912,12195
-268,5,1919,-142,-594,-15633,-24577,8960,3840,12218
-261,-62,1941,792,749,-16117,-26881,11264,6144,12241
-151,-15,1940,1370,-438,-14544,-26113,10496,4864,12265
-19,3,1874,1271,50,-10361,-26625,12544,3840,12288
-97,19,1977,47,-3139,-6143,-26369,11264,7168,12311
-283,4,1986,-115,-2196,-7550,-26625,12544,4352,12335
-248,52,1914,-321,728,-12879,-26369,12288,6144,12358
-192,21,2077,748,654,-16960,-26881,11776,4608,12382
25,81,1995,1573,158,-16447,-27137,15104,6400,12405
44,107,1954,1031,1714,-12593,-26369,13824,6656,12428
-175,71,1828,2413,1298,-9181,-27905,15360,4608,12452
-714,-86,1663,2828,218,-16323,-27649,15104,6400,12475
-231,203,2297,5185,-1222,-28120,-27137,15104,4864,12498
59,188,2143,3659,-116,-25469,-27137,17152,4864,12522
14,171,2003,1204,-2689,-18864,-26881,17920,6656,12545
-156,69,1768,2159,-2305,-15471,-28161,18688,4352,12569
-197,178,1868,4723,-605,-18046,-26369,19456,5120,12592
-310,203,2347,4874,-1237,-18363,-26881,18944,4096,12615
5,41,1785,2275,-3571,-19145,-28161,22272,3840,12639
-281,-21,1824,8262,-6226,-23385,-28161,20736,4864,12662
-252,469,1921,3080,-6091,-29325,-26369,20992,4096,12686
141,379,2151,-2372,-5309,-25345,-26369,22528,7168,12709
422,375,1786,-519,-2031,-15612,-25601,21248,5376,12732
238,400,1793,2839,929,-8439,-23809,24064,5120,12756
-315,222,2022,2781,1711,-7659,-25345,22016,5632,12779
-402,12,2050,2212,1543,-13688,-25345,25088,4608,12802
-134,306,2028,1656,-5344,-19030,-24065,23808,6400,12826
216,473,1891,-738,-4120,-19212,-23041,22272,3840,12849
209,603,1882,171,111,-13512,-22529,26880,5376,12873
117,363,1946,4201,8677,-10635,-24577,25856,5888,12896
140,294,2092,5054,13924,-9262,-22273,28160,2560,12919
105,139,2290,3216,19477,-5406,-22785,32256,3072,12943
-179,182,2375,3008,25303,-727,-24833,32256,1024,12966
-522,283,2141,2884,32767,-1489,-23297,-28672,-1281,12989
-813,486,1867,2923,29247,-3586,-25089,-27392,-3073,13013
-921,608,2018,3370,19276,-3390,-23297,-25088,-5377,13036
-1061,320,2031,2466,16269,-1828,-23041,-24832,-5121,13060
-1358,249,1888,342,14757,-1852,-24833,-23040,-7425,13083
-1227,214,1815,1753,15991,-4841,-22785,-20480,-8961,13106
-1083,338,1774,292,18729,-5686,-23297,-19968,-9985,13130
-1254,394,1516,190,18200,-3627,-22785,-18944,-13057,13153
-1490,403,1402,24,15667,-3510,-21249,-17920,-12033,13177
-1411,357,1262,-384,12735,-4317,-22273,-16896,-15105,13200
-1376,256,1222,-488,14181,-5858,-20225,-17920,-17153,13223
-1407,209,1153,-578,19999,-5952,-20737,-17408,-18177,13247
-1742,211,1078,-268,22172,-4005,-20225,-15360,-22273,13270
-1947,158,1002,-616,17722,-3914,-19713,-15872,-21249,13293
-1882,95,860,-312,14891,-4234,-19969,-14592,-25089,13317
-1922,142,785,-53,14591,-3860,-18689,-14848,-26369,13340
-1917,174,645,-695,15221,-2181,-18945,-15104,-26625,13364
-1935,33,588,-1846,14962,-1364,-17153,-15872,-29953,13387
-1779,60,484,-1104,16576,-1115,-17665,-16384,-30977,13410
-1872,45,402,-1042,18569,-1833,-17665,-15360,31999,13434
-1948,67,267,-1045,19400,-1765,-17153,-16896,28415,13457
-1840,68,181,-1443,20905,-701,-18177,-17408,27903,13481
-1782,12,-127,-949,24920,865,-16385,-18176,23551,13504
-2068,44,-234,-182,25173,137,-18945,-18688,23039,13527
-2215,-36,-282,-131,21037,-940,-17409,-19200,22015,13551

-1218,60,-1660,4032,25290,1147,-16385,23808,4607,13813
-931,-52,-1712,4041,26060,2301,-14081,17408,4863,13836
-823,-31,-1893,5338,28306,3157,-14593,15360,2815,13859
-864,-73,-2061,5663,27529,3146,-15105,13312,6399,13883
-911,-57,-2079,5462,25281,1942,-11265,6912,3583,13906
-795,-123,-2093,4323,22395,830,-13313,9472,4607,13929
-221,-192,-2109,3649,20906,-291,-12545,4096,4863,13953
43,-154,-2100,2810,26190,-953,-10753,1792,4607,13976
-99,-178,-2112,3234,30546,-373,-12289,-513,6143,14000
-28,-214,-2181,4823,31218,1222,-9473,-5889,9471,14023
108,-282,-2118,4510,28806,724,-10497,-5889,9983,14046
404,-335,-2070,3710,26048,656,-9473,-12545,12031,14070
739,-290,-2064,3573,26976,792,-9473,-12545,11519,14093
819,-365,-1947,4931,30902,1483,-9729,-16385,16895,14116
848,-356,-1818,4619,31430,3083,-8449,-18689,19199,14140
1054,-482,-1565,4068,27104,3678,-6657,-18433,19967,14163
1334,-502,-1540,2870,21827,2141,-6145,-22017,24063,14187
1492,-532,-1314,2847,19831,963,-6401,-19713,23807,14210
1590,-483,-1285,4003,21050,1605,-7425,-22785,27903,14233
1525,-434,-1341,3499,20403,3267,-5121,-23553,30719,14257
1632,-481,-1227,1666,19969,4421,-6657,-24065,31231,14280
1824,-674,-1085,324,17249,2143,-4353,-24833,-30977,14304
1959,-703,-779,1182,19967,-1469,-5889,-22273,-30465,14327
2113,-561,-694,1979,24563,-1322,-6145,-24577,-26625,14350
2058,-499,-704,1635,26243,666,-5121,-24065,-23553,14374
1900,-613,-514,644,25659,684,-6145,-24065,-20993,14397
1892,-633,-231,368,24880,-159,-5377,-24833,-18177,14420
1759,-560,-107,402,22183,1273,-5377,-22273,-17153,14444
1897,-679,61,288,19298,2110,-5377,-22785,-14593,14467
1862,-684,129,1672,15581,1929,-4609,-20993,-11777,14491
1891,-548,-60,1089,12446,1624,-5377,-20737,-12545,14514
1640,-554,32,-410,6579,2441,-2561,-20993,-10241,14537
1613,-587,36,399,-6983,3710,-3329,-18689,-12545,14561
1945,-527,38,697,-17469,3657,-2561,-23041,-14337,14584
1873,-555,-496,-297,-32768,956,-3841,-21761,-17665,14608
1886,-633,-282,-3864,-32768,605,-4097,-24065,-22017,14631
1839,-725,-78,-6317,-32449,2836,-2305,-23297,-24321,14654
1820,-860,-432,-4939,-32768,3011,-4353,-22273,-29441,14678
1810,-497,-1105,-7190,-32768,-963,-4097,-24577,31743,14701
1334,-484,-1200,-6434,-32768,-1366,-3329,-21249,27903,14724
1171,-657,-1337,-8184,-32768,-235,-6401,-19713,23807,14748
1302,-778,-1626,-7339,-32768,-217,-4865,-18177,19199,14771
1195,-713,-1854,-3444,-32768,469,-5633,-13313,13311,14795
1024,-644,-2161,-2413,-32768,1540,-4353,-12033,13055,14818
722,-571,-2176,-2629,-30267,2053,-5889,-6913,10495,14841
499,-564,-2479,-2787,-32768,1770,-6145,-6145,9727,14865
253,-499,-2364,-2715,-32768,-256,-6145,-1537,8191,14888
318,-500,-1946,-3939,-31710,-828,-7425,3072,5887,14911
135,-599,-1926,-1654,-23741,1592,-5633,3328,5631,14935
-401,-474,-1951,679,-22115,183,-6145,6912,4607,14958
-745,-412,-1995,-1796,-30304,-566,-6657,9984,4607,14982
-668,-542,-2019,-1822,-32768,-283,-5889,13312,2815,15005
-507,-414,-1779,-1021,-32768,-264,-8961,17920,3839,15028
-659,-411,-1766,-363,-27072,517,-7169,19712,4607,15052
-1170,-453,-1612,584,-25591,476,-7937,24064,5887,15075
-1470,-419,-1599,-280,-31146,444,-6913,27136,7423,15099
-1221,-399,-1521,-1905,-32594,849,-5889,29696,7935,15122
-1136,-369,-1445,-3236,-27209,743,-8705,-30976,7679,15145
-1512,-365,-1211,-3447,-21575,1509,-6913,-31232,11519,15169
-1893,-470,-1034,-3206,-22481,2203,-8961,-28672,11519,15192
-1947,-417,-862,-3402,-27738,2019,-8961,-24064,16127,15215
-1788,-315,-880,-4532,-30741,2290,-7681,-23808,15359,15239
-1749,-238,-707,-4667,-28102,3683,-11521,-20992,19199,15262
-1971,-284,-427,-3570,-26377,5344,-11009,-19968,20735,15286
-2118,-301,-284,-2790,-28829,5160,-11009,-19456,23807,15309
-2045,-270,-43,-4246,-32768,4428,-12289,-16128,29695,15332
-1875,-294,152,-4677,-32768,5230,-11265,-16640,31743,15356
-1827,-209,373,-2017,-32768,5608,-14849,-16128,-28673,15379
-1776,-69,462,-161,-32127,6139,-12801,-15616,-27649,15403
-1887,39,660,-167,-29216,7875,-15617,-15360,-22273,15426
-1908,49,819,-2068,-30725,9372,-17409,-16128,-18945,15449
-1686,-61,1073,-2168,-30371,12480,-15873,-16128,-16385,15473
-1457,15,1380,580,-28420,15901,-19713,-19456,-12545,15496
-1252,275,1463,-496,-25207,18420,-19969,-19200,-12801,15519
-1130,229,1577,-2997,-21928,19411,-22017,-21760,-9217,15543
-1156,266,1711,-2057,-18581,18682,-24833,-22528,-7937,15566
-982,358,2032,-1530,-15915,17293,-24577,-22784,-7169,15590
-775,397,2024,-1969,-7056,19790,-28929,-26624,-6401,15613
-821,571,1938,-5464,-1602,22163,-28929,-27136,-7425,15636
-989,376,1691,-8617,3146,19267,-30721,-27392,-5121,15660
-1081,545,1620,-7587,2175,14759,-32513,-28160,-5889,15683
-1042,504,1839,-6097,2470,13101,-30209,-28416,-6145,15707
-863,674,1533,-6361,137,15197,-31745,-30464,-3585,15730
-823,706,1624,-6718,-2432,16230,32767,-29440,-6145,15753
-801,638,1944,-8210,4280,18047,32511,32256,-3841,15777
-1001,900,1906,-10667,3597,18912,30463,-32256,-4353,15800

-231,414,1882,-2244,-10605,16609,31231,13568,2304,16074
-233,560,1936,-2585,-10003,16689,32767,9472,2304,16098
-65,533,2091,-3926,-6712,14028,31231,11520,1280,16121
-627,506,1849,-4423,-3177,9416,-30977,8192,3584,16144
-457,302,1927,-2684,-547,4265,31743,8960,1792,16168
-204,329,1758,-1710,-4227,4317,31999,7680,4096,16191
46,518,1991,-3234,-6891,6837,-31233,5376,768,16214
-27,451,2035,-5765,-7350,7463,-32513,8192,1536,16238
-147,406,2212,-9119,-5957,7282,-29953,4096,3072,16261
26,405,2060,-12611,-5460,6430,-28417,3072,3072,16285
105,234,2054,-14649,-4047,5836,-26625,4352,5376,16308
69,77,2026,-16218,-3713,5886,-25345,1536,3584,16331
-14,-32,2109,-15292,149,3390,-25345,5632,5632,16355
103,-114,2097,-14514,2993,2088,-22785,2560,5632,16378
265,-133,2059,-12638,1743,2014,-22017,4352,3840,16401
284,-165,2064,-11216,3562,1449,-18945,4352,6912,16425
968,1289,2088,-10693,3780,3740,-18689,3072,5632,16448
186,-15,2336,-15773,258,10795,-17153,5120,6656,16472
-485,-683,1765,-11805,11112,2103,-14081,4608,7168,16495
-254,-722,2121,-11680,9272,202,-14081,7680,6144,16518
-87,-738,1825,-12443,5377,-1060,-12289,6912,6912,16542
-12,-822,1761,-9119,3012,-496,-10497,7680,6144,16565
-119,-828,1916,-8833,2627,443,-11009,9728,6656,16589
384,-375,2473,-11855,5119,1409,-6145,7424,7936,16612
21,-452,1933,-16709,5196,3909,-7425,11776,6656,16635
-214,-985,1646,-13409,5253,1344,-4609,10496,7936,16659
-401,-982,1781,-13961,3061,-431,-2817,10240,5632,16682
-385,-1143,1548,-14180,1148,179,-2049,11520,5888,16705
-406,-1214,1520,-13795,1492,-1723,1792,11008,5376,16729
-337,-1349,1330,-12341,174,-1809,-1,12544,3840,16752
-351,-1568,1298,-10022,819,-2515,2560,11264,6144,16776
-334,-1670,1275,-6906,-229,-1881,3328,11008,3840,16799
-325,-1685,1264,-2828,-1085,-1672,2816,12544,5376,16822
-273,-1606,1254,2473,-2098,-1280,3584,9216,4096,16846
56,-1595,1301,8643,-2520,-979,768,11008,3840,16869
-226,-1262,1328,15153,-4953,286,-257,9728,6656,16893
-155,-1255,1399,21130,-7887,546,-2305,9216,5120,16916
-36,-1155,1416,24124,-8719,1770,-5633,7936,7936,16939
-93,-971,1569,23385,-8919,850,-8193,5376,5888,16963
23,-804,1477,22399,-10260,-307,-13057,7168,6656,16986
171,-808,1606,21706,-6484,-1879,-13313,5376,5888,17009
145,-644,1769,19983,-2616,-2223,-16129,4608,6144,17033
119,-496,1863,17244,1367,-1566,-19201,5632,8192,17056
-8,-311,2040,14310,2933,-265,-17665,3072,7680,17080
32,-127,2138,12613,1200,571,-20993,5888,4864,17103
90,-202,2041,13155,1522,156,-21249,5120,7168,17126
216,-114,1985,12571,-1375,-1488,-23297,4096,5120,17150
74,-101,1966,13282,-359,-1513,-26369,7168,6144,17173
5,22,2148,15424,-990,-219,-25601,4864,3840,17196
-144,194,2053,18208,200,941,-28673,5888,4864,17220
-4,304,1997,19231,103,752,-30465,3584,4608,17243
37,377,1816,19167,-533,541,-31489,5120,1536,17267
1,592,1885,18913,94,-193,31487,6144,512,17290
0,732,1930,18489,627,-1220,29183,3840,1280,17313
23,853,1972,16628,-97,-1370,27391,6144,-2817,17337
82,877,1850,13562,-1157,-416,26623,4352,-1025,17360
-95,997,1920,10191,-2584,-1255,26879,5120,-2817,17384
-427,1521,1778,8291,-5389,-5149,25343,5632,-3841,17407
100,1172,1929,4949,-7203,-7220,23551,2816,-4097,17430
43,1158,1995,2453,-6715,-5256,23551,4864,-4609,17454
56,1203,1986,796,-4254,-3179,25087,2816,-4097,17477
59,1135,1853,-1175,-3746,-2440,23551,5376,-5633,17500
320,1132,1650,-4911,-3634,-2514,24319,5632,-3841,17524
385,1046,1615,-10638,-2996,-2019,26623,3328,-3073,17547
125,817,1561,-15045,148,-2148,25855,7168,-2305,17571
167,707,1785,-16074,1699,-2286,28927,5120,512,17594
31,405,1843,-14945,4091,-96,28671,5376,-1537,17617
-10,569,1901,-13122,851,2005,30975,5120,3072,17641
66,509,1922,-12840,-177,4223,-32513,4096,2048,17664
-98,289,2014,-10361,-1777,4149,32767,6912,2304,17687
162,299,1972,-6597,-1928,3052,-31233,4352,3840,17711
189,326,2052,-5718,-2036,1863,-30977,4608,512,17734
10,437,2148,-6453,-3054,2627,-30977,4608,5632,17758
1,103,1850,-5962,-3080,2955,-30721,3328,2304,17781
190,228,1831,-4025,1188,-846,-30977,5632,3584,17804
158,260,2045,-3984,4832,-2168,-29185,3328,3840,17828
108,237,2098,-5630,1521,-810,-28929,4096,4096,17851
3,200,2000,-4667,-2483,2450,-26625,4352,5376,17875
76,179,1890,-4789,-2477,3032,-26881,2560,4096,17898
233,222,1794,-5798,-495,470,-26881,4608,4608,17921
263,128,1985,-6353,3170,-1361,-25345,2048,6144,17945
43,94,2064,-6137,3259,-929,-26625,4352,4864,17968
-49,116,2055,-6012,1621,659,-24833,4608,6656,17991
260,53,1977,-7676,2803,203,-24065,4864,5888,18015
44,66,2123,-8600,-172,1642,-23297,5632,7168,18038
61,-72,2061,-9988,42,2679,-19969,4352,6912,18062

-236,11,2090,3677,-280,2414,-23297,8704,5632,18320
-158,285,2369,383,-2665,1604,-24321,5120,7168,18343
-203,-68,1946,293,-1379,568,-24577,6912,6400,18367
-623,-185,1149,1497,-22719,1493,-24833,4608,8704,18390
50,184,1651,-2671,570,2706,-23297,3072,7168,18414
115,275,2078,236,-123,1363,-25601,5376,5376,18437
81,18,2043,119,309,81,-23809,4608,6144,18460
44,33,1920,35,832,78,-25089,4352,5376,18484
44,92,2334,92,2819,-186,-23809,6144,6656,18507
-2,19,2076,-122,491,139,-24833,4096,6144,18530
-6,23,2061,-159,75,224,-25345,6656,8192,18554
-42,85,2083,-120,907,1781,-23297,4096,5632,18577
-55,10,2027,1,484,2930,-24065,5376,6400,18601
-24,21,2052,-8,-118,2476,-24833,4608,8192,18624
41,-5,2055,-356,-255,846,-24833,3072,6144,18647
-16,21,2021,-287,-293,80,-24833,5632,5632,18671
-14,28,2053,-227,-222,422,-23553,3840,7936,18694
-22,36,2058,-180,-213,92,-23297,6144,6144,18717
-12,29,2060,-172,-273,72,-24577,6400,8448,18741
1,11,2008,-137,-188,79,-23041,3840,6400,18764
-20,27,2040,-168,-195,100,-25345,6144,6144,18788
-24,28,2026,-181,-176,40,-23297,3072,8704,18811
-35,17,2001,-144,-196,84,-24577,5376,6400,18834
-27,23,2013,-135,-151,66,-25345,5120,7168,18858
-9,27,2066,-156,-181,83,-25089,4864,5888,18881
-6,32,2052,-143,-172,67,-24833,5632,6144,18904
-13,19,2001,-180,-189,57,-23809,4096,7168,18928
-17,9,2008,-142,-167,63,-26369,4096,5632,18951
-26,33,2053,-164,-182,78,-23553,4864,7936,18975
-17,20,2095,-152,-154,92,-23041,4352,5376,18998
3,21,2038,-155,-183,79,-24833,6656,5632,19021
-19,26,2020,-151,-159,93,-23809,4096,7680,19045
-23,22,2022,-162,-180,72,-25089,5888,6400,19068
-22,32,2059,-172,-177,112,-23297,5120,6656,19091
-25,18,2023,-134,-152,69,-24321,4608,6144,19115
3,11,2047,-161,-141,66,-24577,5888,6400,19138
-21,30,2022,-176,-185,85,-23041,3328,6400,19162
-27,38,2028,-143,-193,71,-25345,6144,6144,19185
-15,24,2014,-151,-136,59,-24577,4352,6912,19208
-15,25,2060,-155,-126,63,-23553,4864,5888,19232
-15,26,2059,-152,-192,51,-24833,6656,7168,19255
-24,16,2018,-183,-196,69,-23297,4096,6656,19278
-29,26,1966,-151,-182,59,-25601,4864,5888,19302
-23,20,2024,-160,-145,53,-24065,4352,6912,19325
-27,29,2077,-136,-156,71,-23041,3840,6400,19349
-8,23,2017,-140,-146,62,-23809,5632,7680,19372
-19,23,2013,-159,-155,66,-23809,4608,6656,19395
-35,35,2032,-48,93,54,-24321,6656,6144,19419
-9,30,2038,-67,-124,34,-24833,4608,6656,19442
-32,26,2002,-15,-149,59,-23553,4864,7936,19466
-16,26,2058,-100,-124,57,-25345,6656,7680,19489
-45,18,2039,-134,-176,85,-23041,4352,6912,19512
-33,46,2028,-121,-199,91,-25089,5376,6400,19536
-20,9,1992,-17,-133,468,-23809,4608,8192,19559
-18,27,2048,-63,-136,383,-24321,5632,5120,19582
-27,21,2066,-134,-198,45,-24577,5376,6400,19606
-26,32,2006,-161,-201,81,-24321,4608,6656,19629
-27,17,1995,-86,-179,79,-25345,5120,6144,19653
-29,26,2041,-4,-166,88,-24321,4096,7168,19676
-20,38,2065,-96,-169,91,-24833,4608,5120,19699
-31,35,2030,-43,-206,77,-25089,4864,6912,19723
-12,11,2038,-56,-181,75,-23041,3840,6400,19746
-31,36,2024,-73,-224,79,-26369,6656,5632,19769
-33,47,2027,-171,-165,72,-24577,4864,8448,19793
-9,31,2006,-147,-192,62,-25089,6400,6400,19816
-11,31,2059,-143,-113,73,-25089,4864,7936,19840
-35,28,2054,-147,-188,81,-23809,3072,7168,19863
-22,37,2031,-146,-207,66,-24577,5888,5888,19886
-30,30,2006,-91,-222,83,-23553,3328,7936,19910
-26,34,2059,-147,-122,68,-24577,5376,7424,19933
-29,26,2059,-158,-166,60,-25857,5120,8192,19956
-26,41,2052,-152,-185,80,-23297,3584,5120,19980
-16,32,1992,-110,-217,71,-25345,5632,6144,20003
-11,41,2044,-128,-184,80,-25345,4096,7168,20027
-16,34,2029,-157,-156,71,-24833,4608,6656,20050
-23,37,1994,-107,-205,55,-24577,5376,7424,20073
-42,31,2030,-100,-183,94,-23809,3584,5632,20097
-28,40,2049,-75,-224,83,-25345,5632,5120,20120
-28,47,2062,-150,-165,65,-24065,2816,7424,20143
-26,30,2007,-147,-201,89,-25345,5632,5632,20167
-7,34,2024,-142,-126,80,-25857,4608,8192,20190
-22,33,2059,-127,-190,67,-24833,4096,6656,20214
-24,49,2036,-170,-197,45,-25345,5632,5120,20237
-15,33,2015,-127,-214,86,-22785,5632,6656,20260
-21,30,2058,-153,-130,77,-25345,6144,6144,20284
-30,41,2039,-116,-181,60,-24833,5120,7168,20307

-19,40,2047,-151,-123,85,-24833,4096,5120,20565
-10,45,2082,-196,-166,79,-24321,4608,7680,20589
-16,27,2010,-148,-170,79,-24577,4352,6400,20612
5,26,1994,-110,-150,63,-25857,6144,6144,20636
-29,32,2037,-148,-167,58,-24065,3840,7936,20659
-27,43,2061,-164,-176,94,-24577,5376,5376,20682
-16,32,2018,-154,-173,58,-25089,4864,7424,20706
-7,33,2040,-160,-134,71,-24321,3584,5632,20729
-31,32,2028,-143,-197,63,-25345,6144,6656,20752
-20,22,2042,-137,-184,55,-23809,4608,8192,20776
-33,23,1996,-104,-167,87,-24577,5376,5376,20799
-18,28,2043,-164,-140,78,-24065,5376,5888,20823
-30,31,2039,-137,-183,52,-24833,3584,6656,20846
-30,38,2004,-148,-216,77,-25345,5120,5632,20869
-22,12,2003,-113,-154,55,-24577,4352,7424,20893
-6,40,2052,-173,-105,96,-24321,4608,7168,20916
-24,40,2063,-166,-199,61,-24321,6144,7168,20940
-24,18,2015,-148,-180,73,-25089,4352,7936,20963
-13,15,2015,-106,-163,50,-25601,6400,7424,20986
-34,30,2035,-148,-164,74,-23809,4096,8192,21010
-36,40,2042,-163,-147,75,-25601,6912,5888,21033
-13,48,2014,-160,-181,72,-25345,5632,6656,21056
-8,35,2034,-122,-123,53,-23553,5376,6912,21080
-24,43,2023,-132,-179,86,-25601,5888,6400,21103
-26,33,2046,-164,-175,76,-23809,3584,6144,21127
-17,23,2004,-146,-199,80,-24321,4608,4608,21150
-10,29,2059,-201,-126,98,-25089,5888,7424,21173
-32,38,2047,-159,-169,54,-24321,4608,6144,21197
-18,32,2037,-180,-191,90,-25857,7168,5632,21220
-27,45,1986,-122,-192,70,-23553,2816,6912,21243
-16,29,2046,-161,-148,103,-24065,5888,5376,21267
-32,46,2068,-138,-173,75,-24833,5632,7680,21290
-20,32,2029,-177,-183,91,-21249,4096,5632,21314
-22,30,2006,-121,-174,67,-25857,6144,6656,21337
-20,34,2033,-140,-171,77,-23297,3584,6656,21360
-31,36,2049,-154,-178,68,-25089,6912,6400,21384
-44,19,2009,-169,-181,55,-24065,3328,7424,21407
-13,23,2043,-114,-161,95,-25857,4608,5632,21430
-23,37,2039,-149,-195,75,-25601,6400,6912,21454
-27,37,2037,-143,-176,75,-24321,3072,6656,21477
-28,24,2018,-163,-202,60,-25601,5888,5376,21501
-16,29,2058,-171,-130,69,-24577,5376,8448,21524
-18,34,2055,-163,-171,57,-23297,4608,6144,21547
-24,32,2061,-187,-198,90,-24577,5888,5376,21571
-11,21,2013,-154,-193,77,-23553,2304,6912,21594
-17,39,2062,-152,-170,81,-25345,5120,6656,21617
-34,43,2061,-157,-167,67,-23297,4096,7680,21641
-6,44,2050,-176,-169,63,-23809,4608,6144,21664
-21,39,2000,-148,-155,89,-24321,6144,5632,21688
-7,40,2048,-147,-174,71,-24321,5120,7168,21711
-26,20,2055,-157,-180,89,-25345,7168,5632,21734
-23,32,2002,-146,-182,83,-24321,5632,8192,21758
-15,28,2036,-138,-144,89,-24577,5376,4864,21781
-5,44,2058,-186,-156,89,-23553,5376,5888,21805
-31,42,2055,-154,-178,57,-22529,4352,7424,21828
-12,25,2017,-166,-156,62,-25857,6656,6144,21851
-18,28,1993,-129,-141,67,-23553,4352,6912,21875
-21,33,2064,-181,-149,100,-24065,5376,4864,21898
-15,39,2049,-175,-191,81,-25601,6400,7936,21921
-9,33,2016,-165,-179,52,-23809,3584,6144,21945
-7,24,2050,-130,-145,92,-25601,4352,5888,21968
-20,32,2028,-154,-153,60,-25089,4864,6912,21992
-12,31,2069,-180,-157,70,-25345,4608,5120,22015
-18,33,2000,-129,-161,74,-25089,6400,5888,22038
-14,38,2053,-188,-154,62,-23297,4608,8192,22062
-39,30,2052,-135,-185,103,-24833,5632,5632,22085
-7,42,2046,-155,-204,82,-23041,5376,6400,22108
-16,25,2003,-138,-163,57,-24065,4864,6912,22132
-9,29,2050,-171,-152,44,-24833,6144,6656,22155
-38,40,2038,-137,-175,74,-23041,3328,7424,22179
-44,28,2004,-144,-199,74,-24065,5888,5888,22202
-25,26,1984,-121,-163,74,-23553,4352,6912,22225
-34,42,2027,-164,-158,56,-24577,5376,5888,22249
-22,36,2067,-165,-138,85,-25601,5376,5888,22272
-20,42,1992,-175,-146,77,-23553,4864,6912,22295
-5,26,2021,-133,-153,49,-25345,7168,6144,22319
-20,40,2019,-139,-168,67,-24065,4352,6400,22342
-28,45,2057,-155,-182,51,-24833,5120,6144,22366
-24,26,2021,-167,-160,67,-24833,6144,6656,22389
-17,35,2058,-146,-159,81,-25089,3328,6912,22412
-39,40,2029,-140,-183,70,-24577,5888,5888,22436
-23,43,2057,-146,-179,86,-24321,4096,8704,22459
-33,24,2006,-127,-167,50,-24321,5632,6656,22482
2,34,2059,-185,-121,86,-23809,5632,7168,22506
-27,47,2030,-154,-187,91,-23297,4096,6144,22529
-31,32,2030,-139,-191,94,-25601,7424,5376,22553

